id_cita,id_mascota,id_veterinario,fecha,hora,motivo,estado,id_cliente,nombre_x,especie,raza,fecha_nacimiento,sexo,peso_kg,nombre_y,apellido_mascota_dueno,telefono_mascota_dueno,email,direccion,nombre,apellido_vet,especialidad,telefono_vet
1001,108,2,2026-09-15,16:00,Chequeo general,Programada,98,Zeus,Perro,Pug,2018-05-02,H,16.9,Francisca,Araya,+56959529086,francisca.araya61@email.com,"Calle Vargas #8798, La Reina",María,Fernández,Cirugía y Traumatología,+56933334444
1079,131,2,2026-07-05,15:15,Alergia en la piel,Completada,54,Bella,Perro,Labrador,2023-02-21,H,31.9,Felipe,Mendoza,+56973174945,felipe.mendoza29@email.com,"Calle Fernández #7641, La Reina",María,Fernández,Cirugía y Traumatología,+56933334444
1063,148,2,2026-05-04,14:15,Vacunación Anual,Completada,60,Bugs,Exótico,Hamster Sirio,2021-08-03,H,0.4,Roberto,Pérez,+56919391725,roberto.perez86@email.com,"Calle Muñoz #5243, Ñuñoa",María,Fernández,Cirugía y Traumatología,+56933334444
1006,215,2,2026-09-19,13:45,Alergia en la piel,Programada,75,Fiona,Gato,Bengalí,2025-03-12,H,7.0,Fernanda,Muñoz,+56982828034,fernanda.muñoz60@email.com,"Calle Pérez #1120, Santiago Centro",María,Fernández,Cirugía y Traumatología,+56933334444
1277,215,2,2025-06-21,12:15,Chequeo general,Completada,75,Fiona,Gato,Bengalí,2025-03-12,H,7.0,Fernanda,Muñoz,+56982828034,fernanda.muñoz60@email.com,"Calle Pérez #1120, Santiago Centro",María,Fernández,Cirugía y Traumatología,+56933334444
1077,147,2,2026-10-19,15:30,Control post-cirugía,Programada,75,Nala,Perro,Labrador,2025-01-29,M,19.6,Fernanda,Muñoz,+56982828034,fernanda.muñoz60@email.com,"Calle Pérez #1120, Santiago Centro",María,Fernández,Cirugía y Traumatología,+56933334444
1110,235,2,2025-09-04,12:30,Desparasitación,Completada,67,Garfield,Gato,Siamés,2020-01-15,H,6.3,Andrés,Vásquez,+56919774839,andrés.vasquez59@email.com,"Calle Pérez #9531, Santiago Centro",María,Fernández,Cirugía y Traumatología,+56933334444
1287,126,2,2025-05-18,13:45,Desparasitación,Completada,90,Max,Perro,Dachshund,2018-06-26,M,31.2,Laura,Pérez,+56975793759,laura.perez14@email.com,"Calle Pérez #6034, Maipú",María,Fernández,Cirugía y Traumatología,+56933334444
1011,242,2,2026-09-19,10:00,Limpieza dental,Programada,94,Luna,Gato,Siamés,2018-05-18,M,6.4,Carolina,Muñoz,+56934406132,carolina.muñoz63@email.com,"Calle Fernández #5913, Macul",María,Fernández,Cirugía y Traumatología,+56933334444
1027,181,2,2025-06-13,16:45,Problema digestivo,Cancelada,77,Nala,Perro,Pug,2023-11-23,M,24.6,Roberto,Morales,+56962343121,roberto.morales54@email.com,"Calle Vargas #9047, Peñalolén",María,Fernández,Cirugía y Traumatología,+56933334444
1022,116,2,2026-03-27,15:45,Problema digestivo,Completada,16,Oliver,Perro,Kutter,2019-11-29,H,36.1,Pedro,Soto,+56966661351,pedro.soto77@email.com,"Calle Martínez #6404, Vitacura",María,Fernández,Cirugía y Traumatología,+56933334444
1023,256,2,2025-11-17,14:30,Control post-cirugía,Completada,11,Pelusa,Gato,Maine Coon,2021-02-12,M,5.5,Pedro,Álvarez,+56960929647,pedro.alvarez35@email.com,"Calle Vargas #3698, La Reina",María,Fernández,Cirugía y Traumatología,+56933334444
1130,117,2,2026-03-22,13:45,Limpieza dental,Completada,11,Luna,Gato,Bengalí,2015-04-16,H,4.1,Pedro,Álvarez,+56960929647,pedro.alvarez35@email.com,"Calle Vargas #3698, La Reina",María,Fernández,Cirugía y Traumatología,+56933334444
1232,117,2,2026-10-24,16:15,Revisión por cojera,Cancelada,11,Luna,Gato,Bengalí,2015-04-16,H,4.1,Pedro,Álvarez,+56960929647,pedro.alvarez35@email.com,"Calle Vargas #3698, La Reina",María,Fernández,Cirugía y Traumatología,+56933334444
1215,195,2,2025-10-26,18:30,Corte de uñas/glándulas,Completada,73,Michi,Gato,Munchkin,2022-07-23,M,3.3,Javiera,Martínez,+56948349783,javiera.martinez31@email.com,"Calle Contreras #5602, La Reina",María,Fernández,Cirugía y Traumatología,+56933334444
1122,211,2,2026-11-28,18:45,Revisión por cojera,Completada,73,Sora,Gato,Persa,2016-09-10,H,6.8,Javiera,Martínez,+56948349783,javiera.martinez31@email.com,"Calle Contreras #5602, La Reina",María,Fernández,Cirugía y Traumatología,+56933334444
1265,212,2,2025-02-24,10:30,Alergia en la piel,No Asistió,57,Nala,Perro,Labrador,2018-12-12,M,31.1,Laura,Rojas,+56945059710,laura.rojas23@email.com,"Calle Araya #4449, Providencia",María,Fernández,Cirugía y Traumatología,+56933334444
1221,230,2,2026-10-15,15:00,Corte de uñas/glándulas,Programada,57,Kira,Perro,Poodle,2023-06-09,H,37.0,Laura,Rojas,+56945059710,laura.rojas23@email.com,"Calle Araya #4449, Providencia",María,Fernández,Cirugía y Traumatología,+56933334444
1103,191,2,2025-05-24,17:45,Chequeo general,Cancelada,85,Garfield,Gato,Siamés,2025-05-02,H,3.4,Francisca,Rojas,+56985694715,francisca.rojas28@email.com,"Calle Álvarez #4298, La Reina",María,Fernández,Cirugía y Traumatología,+56933334444
1142,191,2,2026-10-25,18:00,Corte de uñas/glándulas,Cancelada,85,Garfield,Gato,Siamés,2025-05-02,H,3.4,Francisca,Rojas,+56985694715,francisca.rojas28@email.com,"Calle Álvarez #4298, La Reina",María,Fernández,Cirugía y Traumatología,+56933334444
1192,136,2,2025-10-11,10:15,Infección de oído,Completada,85,Nia,Gato,Munchkin,2016-06-01,M,5.0,Francisca,Rojas,+56985694715,francisca.rojas28@email.com,"Calle Álvarez #4298, La Reina",María,Fernández,Cirugía y Traumatología,+56933334444
1271,200,2,2026-01-15,15:30,Chequeo general,Completada,33,Toby,Perro,Golden Retriever,2016-12-20,H,20.9,Carlos,Vargas,+56911980765,carlos.vargas12@email.com,"Calle Navarro #2824, Vitacura",María,Fernández,Cirugía y Traumatología,+56933334444
1162,225,2,2025-07-19,15:45,Control post-cirugía,Completada,86,Kira,Perro,Golden Retriever,2025-08-31,M,16.3,Gonzalo,Vásquez,+56925372341,gonzalo.vasquez21@email.com,"Calle Morales #1871, Peñalolén",María,Fernández,Cirugía y Traumatología,+56933334444
1095,104,2,2025-07-14,10:45,Alergia en la piel,Completada,17,Fiona,Gato,Maine Coon,2021-06-09,M,3.0,Paula,Contreras,+56984252722,paula.contreras2@email.com,"Calle Rojas #8897, Macul",María,Fernández,Cirugía y Traumatología,+56933334444
1210,104,2,2025-02-17,16:30,Control post-cirugía,Cancelada,17,Fiona,Gato,Maine Coon,2021-06-09,M,3.0,Paula,Contreras,+56984252722,paula.contreras2@email.com,"Calle Rojas #8897, Macul",María,Fernández,Cirugía y Traumatología,+56933334444
1194,231,2,2026-02-06,13:00,Alergia en la piel,Completada,96,Felix,Gato,Mestizo,2025-02-19,H,3.7,Diego,Pérez,+56975575808,diego.perez72@email.com,"Calle Navarro #7900, Maipú",María,Fernández,Cirugía y Traumatología,+56933334444
1118,177,2,2026-08-01,12:45,Consulta de emergencia,Completada,58,Cleo,Gato,Mestizo,2025-08-08,M,3.0,Gonzalo,Pérez,+56956397338,gonzalo.perez94@email.com,"Calle Muñoz #7249, Peñalolén",María,Fernández,Cirugía y Traumatología,+56933334444
1043,208,2,2026-02-27,12:45,Infección de oído,Completada,100,Simba,Perro,Poodle,2017-03-19,H,7.5,Sofia,Rojas,+56935848226,sofia.rojas41@email.com,"Calle Rojas #8879, Las Condes",María,Fernández,Cirugía y Traumatología,+56933334444
1238,208,2,2026-10-21,17:15,Consulta de emergencia,Cancelada,100,Simba,Perro,Poodle,2017-03-19,H,7.5,Sofia,Rojas,+56935848226,sofia.rojas41@email.com,"Calle Rojas #8879, Las Condes",María,Fernández,Cirugía y Traumatología,+56933334444
1251,135,2,2026-03-24,16:30,Chequeo general,Completada,100,Maya,Perro,Mestizo,2019-05-01,H,28.0,Sofia,Rojas,+56935848226,sofia.rojas41@email.com,"Calle Rojas #8879, Las Condes",María,Fernández,Cirugía y Traumatología,+56933334444
1171,238,2,2025-11-28,13:30,Corte de uñas/glándulas,Completada,50,Charly,Exótico,Hamster Sirio,2024-05-30,M,0.3,Daniela,Vargas,+56929876811,daniela.vargas56@email.com,"Calle Silva #785, Macul",María,Fernández,Cirugía y Traumatología,+56933334444
1052,251,2,2025-09-06,09:15,Consulta de emergencia,Completada,38,Jack,Perro,Golden Retriever,2020-10-12,H,14.7,Nicolás,Soto,+56919196777,nicolás.soto77@email.com,"Calle Martínez #3953, Vitacura",María,Fernández,Cirugía y Traumatología,+56933334444
1081,159,2,2026-04-17,14:15,Limpieza dental,Completada,38,Salem,Gato,Sphynx,2016-07-30,M,3.1,Nicolás,Soto,+56919196777,nicolás.soto77@email.com,"Calle Martínez #3953, Vitacura",María,Fernández,Cirugía y Traumatología,+56933334444
1115,159,2,2026-12-10,18:45,Limpieza dental,Programada,38,Salem,Gato,Sphynx,2016-07-30,M,3.1,Nicolás,Soto,+56919196777,nicolás.soto77@email.com,"Calle Martínez #3953, Vitacura",María,Fernández,Cirugía y Traumatología,+56933334444
1255,257,2,2026-10-17,18:00,Problema digestivo,Programada,38,Thor,Perro,Beagle,2020-01-01,H,26.5,Nicolás,Soto,+56919196777,nicolás.soto77@email.com,"Calle Martínez #3953, Vitacura",María,Fernández,Cirugía y Traumatología,+56933334444
1195,129,2,2026-05-27,18:00,Infección de oído,Cancelada,91,Bora,Perro,Mestizo,2019-04-21,M,12.3,Felipe,Soto,+56980027662,felipe.soto84@email.com,"Calle Contreras #8917, Maipú",María,Fernández,Cirugía y Traumatología,+56933334444
1106,103,2,2026-06-02,16:30,Vacunación Anual,Completada,91,Milo,Perro,Golden Retriever,2022-10-27,H,37.1,Felipe,Soto,+56980027662,felipe.soto84@email.com,"Calle Contreras #8917, Maipú",María,Fernández,Cirugía y Traumatología,+56933334444
1134,253,2,2025-11-04,14:15,Problema digestivo,Completada,46,Michi,Gato,Sphynx,2016-05-24,H,5.8,Luis,Morales,+56991178885,luis.morales27@email.com,"Calle Muñoz #3435, Macul",María,Fernández,Cirugía y Traumatología,+56933334444
1159,253,2,2026-08-12,15:45,Chequeo general,Programada,46,Michi,Gato,Sphynx,2016-05-24,H,5.8,Luis,Morales,+56991178885,luis.morales27@email.com,"Calle Muñoz #3435, Macul",María,Fernández,Cirugía y Traumatología,+56933334444
1213,114,2,2025-08-17,17:00,Control post-cirugía,Completada,15,Simba,Perro,Labrador,2015-09-02,M,32.1,Camila,Navarro,+56928566572,camila.navarro66@email.com,"Calle Castillo #1589, Providencia",María,Fernández,Cirugía y Traumatología,+56933334444
1123,176,2,2025-03-17,10:30,Chequeo general,Completada,34,Lola,Perro,Pug,2020-05-04,M,7.9,Javiera,Fernández,+56963826716,javiera.fernandez8@email.com,"Calle Soto #6309, Providencia",María,Fernández,Cirugía y Traumatología,+56933334444
1224,152,2,2026-08-22,10:15,Revisión por cojera,Programada,2,Nia,Gato,Sphynx,2025-03-18,M,6.2,Gonzalo,Pérez,+56914265799,gonzalo.perez4@email.com,"Calle Martínez #3682, Santiago Centro",María,Fernández,Cirugía y Traumatología,+56933334444
1094,244,2,2026-05-06,12:30,Limpieza dental,No Asistió,64,Michi,Gato,Bengalí,2023-01-22,M,5.1,Javiera,Álvarez,+56969345683,javiera.alvarez87@email.com,"Calle Fernández #8475, Maipú",María,Fernández,Cirugía y Traumatología,+56933334444
1085,175,2,2026-08-13,14:30,Alergia en la piel,Programada,4,Kira,Perro,Poodle,2016-12-14,M,24.0,Daniela,Contreras,+56910872248,daniela.contreras98@email.com,"Calle Soto #7024, La Reina",María,Fernández,Cirugía y Traumatología,+56933334444
1129,198,2,2025-05-23,13:30,Limpieza dental,Completada,87,Cleo,Gato,Bengalí,2019-06-07,M,4.0,Javier,Morales,+56987282128,javier.morales87@email.com,"Calle Díaz #6598, Santiago Centro",María,Fernández,Cirugía y Traumatología,+56933334444
1170,153,2,2025-03-02,18:30,Infección de oído,Completada,78,Sombra,Gato,Persa,2021-10-22,M,6.4,Andrés,Navarro,+56946632757,andrés.navarro56@email.com,"Calle Castillo #575, Vitacura",María,Fernández,Cirugía y Traumatología,+56933334444
1201,153,2,2026-07-04,14:45,Corte de uñas/glándulas,Completada,78,Sombra,Gato,Persa,2021-10-22,M,6.4,Andrés,Navarro,+56946632757,andrés.navarro56@email.com,"Calle Castillo #575, Vitacura",María,Fernández,Cirugía y Traumatología,+56933334444
1269,153,2,2026-10-16,13:00,Problema digestivo,Completada,78,Sombra,Gato,Persa,2021-10-22,M,6.4,Andrés,Navarro,+56946632757,andrés.navarro56@email.com,"Calle Castillo #575, Vitacura",María,Fernández,Cirugía y Traumatología,+56933334444
1200,258,2,2025-10-12,10:30,Revisión por cojera,Completada,78,Tom,Gato,Bengalí,2015-06-23,H,4.7,Andrés,Navarro,+56946632757,andrés.navarro56@email.com,"Calle Castillo #575, Vitacura",María,Fernández,Cirugía y Traumatología,+56933334444
1248,258,2,2025-05-14,14:15,Desparasitación,Completada,78,Tom,Gato,Bengalí,2015-06-23,H,4.7,Andrés,Navarro,+56946632757,andrés.navarro56@email.com,"Calle Castillo #575, Vitacura",María,Fernández,Cirugía y Traumatología,+56933334444
1185,120,2,2026-08-31,12:45,Vacunación Anual,Programada,63,Nemo,Exótico,Ninfa,2022-07-07,H,1.1,Paula,Gómez,+56950785405,paula.gomez37@email.com,"Calle Fernández #7143, Peñalolén",María,Fernández,Cirugía y Traumatología,+56933334444
1256,120,2,2025-12-22,14:15,Consulta de emergencia,Cancelada,63,Nemo,Exótico,Ninfa,2022-07-07,H,1.1,Paula,Gómez,+56950785405,paula.gomez37@email.com,"Calle Fernández #7143, Peñalolén",María,Fernández,Cirugía y Traumatología,+56933334444
1178,210,2,2026-05-22,13:30,Limpieza dental,Completada,99,Mimi,Gato,Sphynx,2022-08-21,H,5.3,Claudia,Vargas,+56954398056,claudia.vargas46@email.com,"Calle Álvarez #4538, Macul",María,Fernández,Cirugía y Traumatología,+56933334444
1179,248,2,2026-08-03,16:30,Consulta de emergencia,Completada,9,Toby,Perro,Dachshund,2016-06-30,H,29.0,Nicolás,Rojas,+56961019678,nicolás.rojas36@email.com,"Calle Álvarez #6077, Las Condes",María,Fernández,Cirugía y Traumatología,+56933334444
1019,108,1,2025-02-16,18:30,Consulta de emergencia,Completada,98,Zeus,Perro,Pug,2018-05-02,H,16.9,Francisca,Araya,+56959529086,francisca.araya61@email.com,"Calle Vargas #8798, La Reina",Roberto,Soto,Medicina General,+56911112222
1168,190,1,2026-03-26,10:15,Alergia en la piel,Completada,98,Zeus,Perro,Kutter,2021-10-30,M,32.7,Francisca,Araya,+56959529086,francisca.araya61@email.com,"Calle Vargas #8798, La Reina",Roberto,Soto,Medicina General,+56911112222
1175,216,1,2026-10-11,10:45,Infección de oído,Completada,74,Salem,Gato,Mestizo,2025-09-27,M,4.9,Pedro,Silva,+56941039390,pedro.silva50@email.com,"Calle Silva #3605, Ñuñoa",Roberto,Soto,Medicina General,+56911112222
1073,215,1,2026-04-10,11:45,Problema digestivo,Completada,75,Fiona,Gato,Bengalí,2025-03-12,H,7.0,Fernanda,Muñoz,+56982828034,fernanda.muñoz60@email.com,"Calle Pérez #1120, Santiago Centro",Roberto,Soto,Medicina General,+56911112222
1204,145,1,2025-01-13,11:00,Chequeo general,Completada,48,Zeus,Perro,Pug,2016-11-27,M,18.0,Roberto,Silva,+56995511909,roberto.silva34@email.com,"Calle Soto #7339, La Florida",Roberto,Soto,Medicina General,+56911112222
1229,145,1,2026-02-19,16:15,Revisión por cojera,Completada,48,Zeus,Perro,Pug,2016-11-27,M,18.0,Roberto,Silva,+56995511909,roberto.silva34@email.com,"Calle Soto #7339, La Florida",Roberto,Soto,Medicina General,+56911112222
1298,254,1,2025-08-18,13:30,Consulta de emergencia,Completada,48,Luna,Perro,Mestizo,2018-10-20,H,34.4,Roberto,Silva,+56995511909,roberto.silva34@email.com,"Calle Soto #7339, La Florida",Roberto,Soto,Medicina General,+56911112222
1267,161,1,2025-02-20,15:45,Chequeo general,Completada,51,Sasha,Perro,Bulldog Francés,2021-07-22,H,19.5,Constanza,Mendoza,+56958024342,constanza.mendoza27@email.com,"Calle Navarro #1784, La Reina",Roberto,Soto,Medicina General,+56911112222
1111,202,1,2026-01-18,15:45,Corte de uñas/glándulas,Completada,51,Michi,Gato,Maine Coon,2024-09-01,M,2.6,Constanza,Mendoza,+56958024342,constanza.mendoza27@email.com,"Calle Navarro #1784, La Reina",Roberto,Soto,Medicina General,+56911112222
1117,181,1,2025-08-01,18:15,Control post-cirugía,Cancelada,77,Nala,Perro,Pug,2023-11-23,M,24.6,Roberto,Morales,+56962343121,roberto.morales54@email.com,"Calle Vargas #9047, Peñalolén",Roberto,Soto,Medicina General,+56911112222
1015,115,1,2026-06-15,11:30,Chequeo general,Completada,22,Sora,Gato,Bengalí,2019-12-04,H,6.6,Juan,Castillo,+56919289546,juan.castillo98@email.com,"Calle Vargas #2160, Las Condes",Roberto,Soto,Medicina General,+56911112222
1239,240,1,2026-01-27,14:45,Infección de oído,Completada,61,Tom,Gato,Sphynx,2021-11-25,H,6.0,Paula,Morales,+56999508850,paula.morales53@email.com,"Calle Muñoz #6692, Macul",Roberto,Soto,Medicina General,+56911112222
1236,139,1,2026-09-21,18:15,Consulta de emergencia,Programada,61,Garfield,Gato,Persa,2022-04-15,H,5.6,Paula,Morales,+56999508850,paula.morales53@email.com,"Calle Muñoz #6692, Macul",Roberto,Soto,Medicina General,+56911112222
1203,212,1,2026-04-10,18:00,Limpieza dental,Completada,57,Nala,Perro,Labrador,2018-12-12,M,31.1,Laura,Rojas,+56945059710,laura.rojas23@email.com,"Calle Araya #4449, Providencia",Roberto,Soto,Medicina General,+56911112222
1028,228,1,2025-04-03,15:45,Alergia en la piel,Completada,44,Sora,Gato,Munchkin,2016-10-26,M,5.5,Maria,Álvarez,+56982909480,maria.alvarez91@email.com,"Calle Morales #8766, Providencia",Roberto,Soto,Medicina General,+56911112222
1029,191,1,2025-02-21,13:45,Corte de uñas/glándulas,Cancelada,85,Garfield,Gato,Siamés,2025-05-02,H,3.4,Francisca,Rojas,+56985694715,francisca.rojas28@email.com,"Calle Álvarez #4298, La Reina",Roberto,Soto,Medicina General,+56911112222
1191,136,1,2026-08-27,15:30,Control post-cirugía,Programada,85,Nia,Gato,Munchkin,2016-06-01,M,5.0,Francisca,Rojas,+56985694715,francisca.rojas28@email.com,"Calle Álvarez #4298, La Reina",Roberto,Soto,Medicina General,+56911112222
1230,136,1,2025-01-13,09:15,Chequeo general,Completada,85,Nia,Gato,Munchkin,2016-06-01,M,5.0,Francisca,Rojas,+56985694715,francisca.rojas28@email.com,"Calle Álvarez #4298, La Reina",Roberto,Soto,Medicina General,+56911112222
1153,200,1,2026-12-23,12:15,Limpieza dental,Completada,33,Toby,Perro,Golden Retriever,2016-12-20,H,20.9,Carlos,Vargas,+56911980765,carlos.vargas12@email.com,"Calle Navarro #2824, Vitacura",Roberto,Soto,Medicina General,+56911112222
1146,224,1,2025-10-30,15:00,Revisión por cojera,Completada,17,Sombra,Gato,Bengalí,2022-03-31,M,7.5,Paula,Contreras,+56984252722,paula.contreras2@email.com,"Calle Rojas #8897, Macul",Roberto,Soto,Medicina General,+56911112222
1186,188,1,2026-03-09,11:45,Revisión por cojera,Completada,37,Salem,Gato,Siamés,2016-09-25,M,5.4,Carlos,Araya,+56973993471,carlos.araya65@email.com,"Calle Tapia #2679, Providencia",Roberto,Soto,Medicina General,+56911112222
1072,214,1,2026-11-28,12:45,Revisión por cojera,Completada,37,Thor,Perro,Dachshund,2020-03-10,H,24.2,Carlos,Araya,+56973993471,carlos.araya65@email.com,"Calle Tapia #2679, Providencia",Roberto,Soto,Medicina General,+56911112222
1042,163,1,2026-08-10,10:15,Vacunación Anual,Programada,80,Cleo,Gato,Persa,2022-04-06,M,7.1,Daniela,Araya,+56998986321,daniela.araya4@email.com,"Calle Martínez #7122, Las Condes",Roberto,Soto,Medicina General,+56911112222
1070,193,1,2026-08-01,10:00,Infección de oído,Cancelada,19,Michi,Gato,Siamés,2019-03-21,M,6.2,Gabriel,Rojas,+56993926371,gabriel.rojas39@email.com,"Calle Tapia #3358, Las Condes",Roberto,Soto,Medicina General,+56911112222
1208,193,1,2026-05-27,18:15,Desparasitación,Completada,19,Michi,Gato,Siamés,2019-03-21,M,6.2,Gabriel,Rojas,+56993926371,gabriel.rojas39@email.com,"Calle Tapia #3358, Las Condes",Roberto,Soto,Medicina General,+56911112222
1082,129,1,2026-11-08,15:00,Alergia en la piel,Programada,91,Bora,Perro,Mestizo,2019-04-21,M,12.3,Felipe,Soto,+56980027662,felipe.soto84@email.com,"Calle Contreras #8917, Maipú",Roberto,Soto,Medicina General,+56911112222
1105,113,1,2026-02-27,11:15,Revisión por cojera,Completada,34,Nia,Gato,Mestizo,2019-10-08,M,5.8,Javiera,Fernández,+56963826716,javiera.fernandez8@email.com,"Calle Soto #6309, Providencia",Roberto,Soto,Medicina General,+56911112222
1158,179,1,2025-07-07,14:15,Infección de oído,Completada,62,Luna,Gato,Bengalí,2015-10-29,H,3.0,Diego,Pérez,+56999245317,diego.perez49@email.com,"Calle Soto #9424, Macul",Roberto,Soto,Medicina General,+56911112222
1290,141,1,2025-11-15,17:45,Chequeo general,Completada,41,Fiona,Gato,Maine Coon,2021-12-04,M,6.9,Sofia,Contreras,+56963121477,sofia.contreras17@email.com,"Calle Morales #7591, La Reina",Roberto,Soto,Medicina General,+56911112222
1227,255,1,2025-08-09,14:15,Revisión por cojera,Completada,24,Bora,Perro,Beagle,2023-12-26,H,35.4,Matías,Morales,+56963551839,matías.morales86@email.com,"Calle Reyes #7277, La Florida",Roberto,Soto,Medicina General,+56911112222
1099,206,1,2026-07-31,12:15,Vacunación Anual,Completada,76,Thor,Perro,Kutter,2017-06-26,H,33.6,Fernanda,Araya,+56912621534,fernanda.araya98@email.com,"Calle Araya #6332, Maipú",Roberto,Soto,Medicina General,+56911112222
1108,206,1,2025-01-18,17:30,Infección de oído,No Asistió,76,Thor,Perro,Kutter,2017-06-26,H,33.6,Fernanda,Araya,+56912621534,fernanda.araya98@email.com,"Calle Araya #6332, Maipú",Roberto,Soto,Medicina General,+56911112222
1233,185,1,2025-02-13,16:00,Chequeo general,Cancelada,12,Pelusa,Gato,Maine Coon,2024-02-08,H,3.0,Diego,Mendoza,+56952339391,diego.mendoza52@email.com,"Calle Contreras #1184, Santiago Centro",Roberto,Soto,Medicina General,+56911112222
1279,118,1,2026-02-02,17:45,Infección de oído,Completada,12,Max,Perro,Labrador,2020-04-11,M,23.6,Diego,Mendoza,+56952339391,diego.mendoza52@email.com,"Calle Contreras #1184, Santiago Centro",Roberto,Soto,Medicina General,+56911112222
1120,160,1,2025-12-15,18:45,Desparasitación,Completada,97,Copito,Exótico,Hurón,2016-01-05,H,2.4,Andrea,Gómez,+56922489409,andrea.gomez38@email.com,"Calle Navarro #6725, Santiago Centro",Roberto,Soto,Medicina General,+56911112222
1132,218,1,2025-05-19,13:00,Control post-cirugía,Completada,32,Mimi,Gato,Mestizo,2019-01-30,M,5.1,Felipe,Soto,+56947385696,felipe.soto60@email.com,"Calle Navarro #1335, Maipú",Roberto,Soto,Medicina General,+56911112222
1155,218,1,2025-09-26,16:30,Corte de uñas/glándulas,Completada,32,Mimi,Gato,Mestizo,2019-01-30,M,5.1,Felipe,Soto,+56947385696,felipe.soto60@email.com,"Calle Navarro #1335, Maipú",Roberto,Soto,Medicina General,+56911112222
1180,112,1,2026-10-04,16:00,Revisión por cojera,Cancelada,5,Oliver,Perro,Mestizo,2025-05-12,M,6.4,Maria,Fernández,+56955176955,maria.fernandez14@email.com,"Calle Martínez #6324, Ñuñoa",Roberto,Soto,Medicina General,+56911112222
1167,209,1,2026-11-01,12:30,Vacunación Anual,Programada,23,Fiona,Gato,Sphynx,2025-09-01,M,5.8,Paula,Soto,+56945575298,paula.soto68@email.com,"Calle Vásquez #7032, Santiago Centro",Roberto,Soto,Medicina General,+56911112222
1211,146,1,2026-07-21,15:15,Desparasitación,Completada,23,Luna,Perro,Dachshund,2025-03-27,H,27.2,Paula,Soto,+56945575298,paula.soto68@email.com,"Calle Vásquez #7032, Santiago Centro",Roberto,Soto,Medicina General,+56911112222
1292,164,1,2026-04-13,09:30,Alergia en la piel,Completada,9,Mimi,Gato,Bengalí,2016-04-22,H,4.0,Nicolás,Rojas,+56961019678,nicolás.rojas36@email.com,"Calle Álvarez #6077, Las Condes",Roberto,Soto,Medicina General,+56911112222
1183,165,1,2026-01-16,11:00,Control post-cirugía,Completada,18,Rocky,Perro,Labrador,2016-02-03,M,37.9,Ana,Morales,+56968353204,ana.morales21@email.com,"Calle Álvarez #153, Macul",Roberto,Soto,Medicina General,+56911112222
1217,205,1,2025-08-27,17:30,Consulta de emergencia,Completada,89,Pipo,Exótico,Hurón,2019-11-20,M,2.1,Roberto,Vargas,+56967495923,roberto.vargas85@email.com,"Calle Reyes #1229, La Florida",Roberto,Soto,Medicina General,+56911112222
1057,110,4,2026-05-23,11:30,Vacunación Anual,Completada,98,Jack,Perro,Labrador,2017-09-09,M,26.5,Francisca,Araya,+56959529086,francisca.araya61@email.com,"Calle Vargas #8798, La Reina",Patricia,Lara,Cardiología Veterinaria,+56977778888
1148,190,4,2025-04-10,16:45,Desparasitación,Completada,98,Zeus,Perro,Kutter,2021-10-30,M,32.7,Francisca,Araya,+56959529086,francisca.araya61@email.com,"Calle Vargas #8798, La Reina",Patricia,Lara,Cardiología Veterinaria,+56977778888
1004,194,4,2025-11-18,13:15,Revisión por cojera,Completada,54,Bruno,Perro,Beagle,2023-09-17,H,14.6,Felipe,Mendoza,+56973174945,felipe.mendoza29@email.com,"Calle Fernández #7641, La Reina",Patricia,Lara,Cardiología Veterinaria,+56977778888
1005,148,4,2026-06-15,15:00,Limpieza dental,Completada,60,Bugs,Exótico,Hamster Sirio,2021-08-03,H,0.4,Roberto,Pérez,+56919391725,roberto.perez86@email.com,"Calle Muñoz #5243, Ñuñoa",Patricia,Lara,Cardiología Veterinaria,+56977778888
1007,119,4,2025-06-26,16:00,Consulta de emergencia,No Asistió,67,Garfield,Gato,Munchkin,2022-02-13,H,7.5,Andrés,Vásquez,+56919774839,andrés.vasquez59@email.com,"Calle Pérez #9531, Santiago Centro",Patricia,Lara,Cardiología Veterinaria,+56977778888
1013,119,4,2026-04-23,17:30,Chequeo general,Cancelada,67,Garfield,Gato,Munchkin,2022-02-13,H,7.5,Andrés,Vásquez,+56919774839,andrés.vasquez59@email.com,"Calle Pérez #9531, Santiago Centro",Patricia,Lara,Cardiología Veterinaria,+56977778888
1053,126,4,2025-12-05,16:00,Consulta de emergencia,Completada,90,Max,Perro,Dachshund,2018-06-26,M,31.2,Laura,Pérez,+56975793759,laura.perez14@email.com,"Calle Pérez #6034, Maipú",Patricia,Lara,Cardiología Veterinaria,+56977778888
1253,145,4,2025-11-11,13:15,Chequeo general,Completada,48,Zeus,Perro,Pug,2016-11-27,M,18.0,Roberto,Silva,+56995511909,roberto.silva34@email.com,"Calle Soto #7339, La Florida",Patricia,Lara,Cardiología Veterinaria,+56977778888
1140,254,4,2026-08-20,15:45,Infección de oído,Programada,48,Luna,Perro,Mestizo,2018-10-20,H,34.4,Roberto,Silva,+56995511909,roberto.silva34@email.com,"Calle Soto #7339, La Florida",Patricia,Lara,Cardiología Veterinaria,+56977778888
1010,161,4,2025-01-27,14:30,Problema digestivo,Completada,51,Sasha,Perro,Bulldog Francés,2021-07-22,H,19.5,Constanza,Mendoza,+56958024342,constanza.mendoza27@email.com,"Calle Navarro #1784, La Reina",Patricia,Lara,Cardiología Veterinaria,+56977778888
1064,161,4,2025-10-01,14:30,Corte de uñas/glándulas,Completada,51,Sasha,Perro,Bulldog Francés,2021-07-22,H,19.5,Constanza,Mendoza,+56958024342,constanza.mendoza27@email.com,"Calle Navarro #1784, La Reina",Patricia,Lara,Cardiología Veterinaria,+56977778888
1219,161,4,2026-05-19,09:15,Limpieza dental,Completada,51,Sasha,Perro,Bulldog Francés,2021-07-22,H,19.5,Constanza,Mendoza,+56958024342,constanza.mendoza27@email.com,"Calle Navarro #1784, La Reina",Patricia,Lara,Cardiología Veterinaria,+56977778888
1133,259,4,2025-12-04,16:30,Control post-cirugía,Completada,94,Salem,Gato,Mestizo,2022-03-04,H,7.5,Carolina,Muñoz,+56934406132,carolina.muñoz63@email.com,"Calle Fernández #5913, Macul",Patricia,Lara,Cardiología Veterinaria,+56977778888
1090,137,4,2025-03-01,17:45,Control post-cirugía,Completada,65,Charly,Exótico,Holland Lop,2016-02-13,H,2.2,Sebastian,Martínez,+56948089166,sebastian.martinez66@email.com,"Calle Vásquez #5591, Ñuñoa",Patricia,Lara,Cardiología Veterinaria,+56977778888
1020,247,4,2026-09-25,09:45,Consulta de emergencia,Programada,61,Luna,Perro,Beagle,2019-01-02,M,12.6,Paula,Morales,+56999508850,paula.morales53@email.com,"Calle Muñoz #6692, Macul",Patricia,Lara,Cardiología Veterinaria,+56977778888
1254,247,4,2026-08-05,09:15,Corte de uñas/glándulas,Programada,61,Luna,Perro,Beagle,2019-01-02,M,12.6,Paula,Morales,+56999508850,paula.morales53@email.com,"Calle Muñoz #6692, Macul",Patricia,Lara,Cardiología Veterinaria,+56977778888
1049,240,4,2026-02-09,14:15,Limpieza dental,Completada,61,Tom,Gato,Sphynx,2021-11-25,H,6.0,Paula,Morales,+56999508850,paula.morales53@email.com,"Calle Muñoz #6692, Macul",Patricia,Lara,Cardiología Veterinaria,+56977778888
1190,139,4,2026-09-23,16:15,Revisión por cojera,Completada,61,Garfield,Gato,Persa,2022-04-15,H,5.6,Paula,Morales,+56999508850,paula.morales53@email.com,"Calle Muñoz #6692, Macul",Patricia,Lara,Cardiología Veterinaria,+56977778888
1021,178,4,2025-09-08,15:30,Problema digestivo,Completada,79,Bella,Perro,Labrador,2015-09-07,M,19.6,Francisca,Díaz,+56932151928,francisca.diaz60@email.com,"Calle Silva #8851, Providencia",Patricia,Lara,Cardiología Veterinaria,+56977778888
1176,195,4,2026-05-15,14:00,Revisión por cojera,Completada,73,Michi,Gato,Munchkin,2022-07-23,M,3.3,Javiera,Martínez,+56948349783,javiera.martinez31@email.com,"Calle Contreras #5602, La Reina",Patricia,Lara,Cardiología Veterinaria,+56977778888
1126,211,4,2026-07-25,17:45,Revisión por cojera,Completada,73,Sora,Gato,Persa,2016-09-10,H,6.8,Javiera,Martínez,+56948349783,javiera.martinez31@email.com,"Calle Contreras #5602, La Reina",Patricia,Lara,Cardiología Veterinaria,+56977778888
1152,211,4,2025-01-30,18:15,Problema digestivo,Completada,73,Sora,Gato,Persa,2016-09-10,H,6.8,Javiera,Martínez,+56948349783,javiera.martinez31@email.com,"Calle Contreras #5602, La Reina",Patricia,Lara,Cardiología Veterinaria,+56977778888
1025,169,4,2025-09-11,11:00,Vacunación Anual,Completada,57,Copito,Exótico,Ninfa,2021-02-08,H,0.4,Laura,Rojas,+56945059710,laura.rojas23@email.com,"Calle Araya #4449, Providencia",Patricia,Lara,Cardiología Veterinaria,+56977778888
1098,228,4,2025-04-11,16:30,Alergia en la piel,Completada,44,Sora,Gato,Munchkin,2016-10-26,M,5.5,Maria,Álvarez,+56982909480,maria.alvarez91@email.com,"Calle Morales #8766, Providencia",Patricia,Lara,Cardiología Veterinaria,+56977778888
1228,192,4,2026-06-10,09:30,Limpieza dental,Completada,44,Bruno,Perro,Pastor Alemán,2015-10-13,H,23.3,Maria,Álvarez,+56982909480,maria.alvarez91@email.com,"Calle Morales #8766, Providencia",Patricia,Lara,Cardiología Veterinaria,+56977778888
1188,136,4,2025-05-17,11:00,Infección de oído,Completada,85,Nia,Gato,Munchkin,2016-06-01,M,5.0,Francisca,Rojas,+56985694715,francisca.rojas28@email.com,"Calle Álvarez #4298, La Reina",Patricia,Lara,Cardiología Veterinaria,+56977778888
1272,168,4,2026-04-22,13:15,Limpieza dental,Completada,53,Charly,Exótico,Holland Lop,2019-12-22,M,1.8,Matías,Muñoz,+56965259205,matías.muñoz86@email.com,"Calle Navarro #4471, Las Condes",Patricia,Lara,Cardiología Veterinaria,+56977778888
1174,201,4,2025-05-26,18:30,Consulta de emergencia,Completada,17,Zeus,Perro,Pug,2015-10-23,H,23.0,Paula,Contreras,+56984252722,paula.contreras2@email.com,"Calle Rojas #8897, Macul",Patricia,Lara,Cardiología Veterinaria,+56977778888
1036,186,4,2026-06-16,16:15,Corte de uñas/glándulas,Cancelada,17,Sora,Gato,Mestizo,2019-08-10,M,5.3,Paula,Contreras,+56984252722,paula.contreras2@email.com,"Calle Rojas #8897, Macul",Patricia,Lara,Cardiología Veterinaria,+56977778888
1035,231,4,2026-05-28,09:00,Vacunación Anual,Completada,96,Felix,Gato,Mestizo,2025-02-19,H,3.7,Diego,Pérez,+56975575808,diego.perez72@email.com,"Calle Navarro #7900, Maipú",Patricia,Lara,Cardiología Veterinaria,+56977778888
1263,144,4,2025-06-14,10:00,Desparasitación,Completada,39,Pipo,Exótico,Ninfa,2019-01-08,H,2.0,Javier,Araya,+56943046464,javier.araya75@email.com,"Calle Vásquez #751, Peñalolén",Patricia,Lara,Cardiología Veterinaria,+56977778888
1091,135,4,2025-09-06,13:15,Desparasitación,Completada,100,Maya,Perro,Mestizo,2019-05-01,H,28.0,Sofia,Rojas,+56935848226,sofia.rojas41@email.com,"Calle Rojas #8879, Las Condes",Patricia,Lara,Cardiología Veterinaria,+56977778888
1078,197,4,2025-03-24,17:15,Consulta de emergencia,Cancelada,28,Pelusa,Gato,Persa,2022-08-09,H,4.6,Gabriel,Silva,+56986644106,gabriel.silva74@email.com,"Calle Castillo #4081, Maipú",Patricia,Lara,Cardiología Veterinaria,+56977778888
1294,253,4,2025-07-01,16:30,Desparasitación,Completada,46,Michi,Gato,Sphynx,2016-05-24,H,5.8,Luis,Morales,+56991178885,luis.morales27@email.com,"Calle Muñoz #3435, Macul",Patricia,Lara,Cardiología Veterinaria,+56977778888
1062,204,4,2026-06-12,14:00,Control post-cirugía,Completada,15,Maya,Perro,Pastor Alemán,2024-04-30,H,31.2,Camila,Navarro,+56928566572,camila.navarro66@email.com,"Calle Castillo #1589, Providencia",Patricia,Lara,Cardiología Veterinaria,+56977778888
1259,113,4,2026-03-25,15:15,Control post-cirugía,Completada,34,Nia,Gato,Mestizo,2019-10-08,M,5.8,Javiera,Fernández,+56963826716,javiera.fernandez8@email.com,"Calle Soto #6309, Providencia",Patricia,Lara,Cardiología Veterinaria,+56977778888
1074,244,4,2026-11-20,13:00,Control post-cirugía,Programada,64,Michi,Gato,Bengalí,2023-01-22,M,5.1,Javiera,Álvarez,+56969345683,javiera.alvarez87@email.com,"Calle Fernández #8475, Maipú",Patricia,Lara,Cardiología Veterinaria,+56977778888
1151,244,4,2026-04-19,12:45,Consulta de emergencia,Completada,64,Michi,Gato,Bengalí,2023-01-22,M,5.1,Javiera,Álvarez,+56969345683,javiera.alvarez87@email.com,"Calle Fernández #8475, Maipú",Patricia,Lara,Cardiología Veterinaria,+56977778888
1268,101,4,2025-03-31,13:45,Alergia en la piel,Completada,25,Bora,Perro,Labrador,2025-12-30,H,28.6,Ana,Navarro,+56940158366,ana.navarro9@email.com,"Calle Muñoz #444, Peñalolén",Patricia,Lara,Cardiología Veterinaria,+56977778888
1125,179,4,2026-01-04,13:00,Chequeo general,Completada,62,Luna,Gato,Bengalí,2015-10-29,H,3.0,Diego,Pérez,+56999245317,diego.perez49@email.com,"Calle Soto #9424, Macul",Patricia,Lara,Cardiología Veterinaria,+56977778888
1270,179,4,2026-04-28,16:30,Revisión por cojera,Completada,62,Luna,Gato,Bengalí,2015-10-29,H,3.0,Diego,Pérez,+56999245317,diego.perez49@email.com,"Calle Soto #9424, Macul",Patricia,Lara,Cardiología Veterinaria,+56977778888
1084,203,4,2025-08-28,17:15,Vacunación Anual,Completada,41,Sora,Gato,Maine Coon,2018-03-31,H,6.0,Sofia,Contreras,+56963121477,sofia.contreras17@email.com,"Calle Morales #7591, La Reina",Patricia,Lara,Cardiología Veterinaria,+56977778888
1181,141,4,2026-04-13,09:45,Alergia en la piel,No Asistió,41,Fiona,Gato,Maine Coon,2021-12-04,M,6.9,Sofia,Contreras,+56963121477,sofia.contreras17@email.com,"Calle Morales #7591, La Reina",Patricia,Lara,Cardiología Veterinaria,+56977778888
1199,229,4,2026-03-10,15:00,Consulta de emergencia,Completada,24,Fiona,Gato,Mestizo,2023-02-01,M,6.5,Matías,Morales,+56963551839,matías.morales86@email.com,"Calle Reyes #7277, La Florida",Patricia,Lara,Cardiología Veterinaria,+56977778888
1096,153,4,2025-09-03,17:30,Limpieza dental,Completada,78,Sombra,Gato,Persa,2021-10-22,M,6.4,Andrés,Navarro,+56946632757,andrés.navarro56@email.com,"Calle Castillo #575, Vitacura",Patricia,Lara,Cardiología Veterinaria,+56977778888
1107,258,4,2026-11-07,16:00,Vacunación Anual,Programada,78,Tom,Gato,Bengalí,2015-06-23,H,4.7,Andrés,Navarro,+56946632757,andrés.navarro56@email.com,"Calle Castillo #575, Vitacura",Patricia,Lara,Cardiología Veterinaria,+56977778888
1264,258,4,2026-12-23,09:45,Consulta de emergencia,Programada,78,Tom,Gato,Bengalí,2015-06-23,H,4.7,Andrés,Navarro,+56946632757,andrés.navarro56@email.com,"Calle Castillo #575, Vitacura",Patricia,Lara,Cardiología Veterinaria,+56977778888
1128,206,4,2025-03-28,17:15,Corte de uñas/glándulas,Completada,76,Thor,Perro,Kutter,2017-06-26,H,33.6,Fernanda,Araya,+56912621534,fernanda.araya98@email.com,"Calle Araya #6332, Maipú",Patricia,Lara,Cardiología Veterinaria,+56977778888
1274,239,4,2026-08-27,12:00,Control post-cirugía,Completada,92,Fiona,Gato,Munchkin,2025-04-15,H,3.2,Fernanda,Araya,+56946023439,fernanda.araya42@email.com,"Calle Navarro #1519, Macul",Patricia,Lara,Cardiología Veterinaria,+56977778888
1119,185,4,2025-05-24,10:30,Vacunación Anual,Completada,12,Pelusa,Gato,Maine Coon,2024-02-08,H,3.0,Diego,Mendoza,+56952339391,diego.mendoza52@email.com,"Calle Contreras #1184, Santiago Centro",Patricia,Lara,Cardiología Veterinaria,+56977778888
1184,160,4,2026-11-03,10:00,Vacunación Anual,Programada,97,Copito,Exótico,Hurón,2016-01-05,H,2.4,Andrea,Gómez,+56922489409,andrea.gomez38@email.com,"Calle Navarro #6725, Santiago Centro",Patricia,Lara,Cardiología Veterinaria,+56977778888
1121,170,4,2026-05-18,12:30,Infección de oído,Cancelada,83,Luna,Perro,Labrador,2025-08-23,M,10.5,Laura,Vargas,+56916990811,laura.vargas45@email.com,"Calle Navarro #1224, Providencia",Patricia,Lara,Cardiología Veterinaria,+56977778888
1002,194,3,2026-01-28,18:00,Corte de uñas/glándulas,Completada,54,Bruno,Perro,Beagle,2023-09-17,H,14.6,Felipe,Mendoza,+56973174945,felipe.mendoza29@email.com,"Calle Fernández #7641, La Reina",Felipe,Navarro,Dermatología y Exóticos,+56955556666
1164,157,3,2025-02-03,13:15,Infección de oído,Completada,54,Simba,Perro,Pug,2020-12-14,H,33.8,Felipe,Mendoza,+56973174945,felipe.mendoza29@email.com,"Calle Fernández #7641, La Reina",Felipe,Navarro,Dermatología y Exóticos,+56955556666
1003,216,3,2026-01-16,16:00,Corte de uñas/glándulas,Completada,74,Salem,Gato,Mestizo,2025-09-27,M,4.9,Pedro,Silva,+56941039390,pedro.silva50@email.com,"Calle Silva #3605, Ñuñoa",Felipe,Navarro,Dermatología y Exóticos,+56955556666
1092,216,3,2025-04-05,17:15,Vacunación Anual,Completada,74,Salem,Gato,Mestizo,2025-09-27,M,4.9,Pedro,Silva,+56941039390,pedro.silva50@email.com,"Calle Silva #3605, Ñuñoa",Felipe,Navarro,Dermatología y Exóticos,+56955556666
1161,148,3,2026-04-07,18:00,Desparasitación,No Asistió,60,Bugs,Exótico,Hamster Sirio,2021-08-03,H,0.4,Roberto,Pérez,+56919391725,roberto.perez86@email.com,"Calle Muñoz #5243, Ñuñoa",Felipe,Navarro,Dermatología y Exóticos,+56955556666
1250,119,3,2026-12-23,15:00,Desparasitación,Programada,67,Garfield,Gato,Munchkin,2022-02-13,H,7.5,Andrés,Vásquez,+56919774839,andrés.vasquez59@email.com,"Calle Pérez #9531, Santiago Centro",Felipe,Navarro,Dermatología y Exóticos,+56955556666
1212,182,3,2025-03-21,18:30,Revisión por cojera,Completada,90,Sasha,Perro,Poodle,2019-08-22,M,18.6,Laura,Pérez,+56975793759,laura.perez14@email.com,"Calle Pérez #6034, Maipú",Felipe,Navarro,Dermatología y Exóticos,+56955556666
1282,126,3,2026-07-03,14:45,Limpieza dental,Completada,90,Max,Perro,Dachshund,2018-06-26,M,31.2,Laura,Pérez,+56975793759,laura.perez14@email.com,"Calle Pérez #6034, Maipú",Felipe,Navarro,Dermatología y Exóticos,+56955556666
1009,145,3,2026-06-05,12:00,Alergia en la piel,Completada,48,Zeus,Perro,Pug,2016-11-27,M,18.0,Roberto,Silva,+56995511909,roberto.silva34@email.com,"Calle Soto #7339, La Florida",Felipe,Navarro,Dermatología y Exóticos,+56955556666
1235,145,3,2025-08-08,11:30,Limpieza dental,Completada,48,Zeus,Perro,Pug,2016-11-27,M,18.0,Roberto,Silva,+56995511909,roberto.silva34@email.com,"Calle Soto #7339, La Florida",Felipe,Navarro,Dermatología y Exóticos,+56955556666
1226,219,3,2025-05-03,10:15,Consulta de emergencia,Completada,48,Nemo,Exótico,Hurón,2023-11-07,M,2.0,Roberto,Silva,+56995511909,roberto.silva34@email.com,"Calle Soto #7339, La Florida",Felipe,Navarro,Dermatología y Exóticos,+56955556666
1135,202,3,2025-10-26,16:15,Desparasitación,Completada,51,Michi,Gato,Maine Coon,2024-09-01,M,2.6,Constanza,Mendoza,+56958024342,constanza.mendoza27@email.com,"Calle Navarro #1784, La Reina",Felipe,Navarro,Dermatología y Exóticos,+56955556666
1017,242,3,2025-05-09,13:00,Infección de oído,Completada,94,Luna,Gato,Siamés,2018-05-18,M,6.4,Carolina,Muñoz,+56934406132,carolina.muñoz63@email.com,"Calle Fernández #5913, Macul",Felipe,Navarro,Dermatología y Exóticos,+56955556666
1016,158,3,2026-06-16,13:00,Limpieza dental,Completada,65,Copito,Exótico,Hamster Sirio,2025-11-06,H,0.8,Sebastian,Martínez,+56948089166,sebastian.martinez66@email.com,"Calle Vásquez #5591, Ñuñoa",Felipe,Navarro,Dermatología y Exóticos,+56955556666
1112,158,3,2026-12-02,10:00,Revisión por cojera,Programada,65,Copito,Exótico,Hamster Sirio,2025-11-06,H,0.8,Sebastian,Martínez,+56948089166,sebastian.martinez66@email.com,"Calle Vásquez #5591, Ñuñoa",Felipe,Navarro,Dermatología y Exóticos,+56955556666
1147,137,3,2025-11-16,14:45,Alergia en la piel,Completada,65,Charly,Exótico,Holland Lop,2016-02-13,H,2.2,Sebastian,Martínez,+56948089166,sebastian.martinez66@email.com,"Calle Vásquez #5591, Ñuñoa",Felipe,Navarro,Dermatología y Exóticos,+56955556666
1166,240,3,2026-07-10,09:45,Infección de oído,Completada,61,Tom,Gato,Sphynx,2021-11-25,H,6.0,Paula,Morales,+56999508850,paula.morales53@email.com,"Calle Muñoz #6692, Macul",Felipe,Navarro,Dermatología y Exóticos,+56955556666
1193,256,3,2026-12-09,09:30,Alergia en la piel,Programada,11,Pelusa,Gato,Maine Coon,2021-02-12,M,5.5,Pedro,Álvarez,+56960929647,pedro.alvarez35@email.com,"Calle Vargas #3698, La Reina",Felipe,Navarro,Dermatología y Exóticos,+56955556666
1202,117,3,2026-12-17,15:15,Vacunación Anual,Programada,11,Luna,Gato,Bengalí,2015-04-16,H,4.1,Pedro,Álvarez,+56960929647,pedro.alvarez35@email.com,"Calle Vargas #3698, La Reina",Felipe,Navarro,Dermatología y Exóticos,+56955556666
1207,117,3,2026-12-31,18:00,Problema digestivo,Programada,11,Luna,Gato,Bengalí,2015-04-16,H,4.1,Pedro,Álvarez,+56960929647,pedro.alvarez35@email.com,"Calle Vargas #3698, La Reina",Felipe,Navarro,Dermatología y Exóticos,+56955556666
1037,136,3,2026-09-20,14:15,Control post-cirugía,Cancelada,85,Nia,Gato,Munchkin,2016-06-01,M,5.0,Francisca,Rojas,+56985694715,francisca.rojas28@email.com,"Calle Álvarez #4298, La Reina",Felipe,Navarro,Dermatología y Exóticos,+56955556666
1030,221,3,2026-07-04,09:00,Control post-cirugía,Completada,33,Nia,Gato,Mestizo,2015-11-30,H,6.9,Carlos,Vargas,+56911980765,carlos.vargas12@email.com,"Calle Navarro #2824, Vitacura",Felipe,Navarro,Dermatología y Exóticos,+56955556666
1244,200,3,2025-06-27,11:15,Corte de uñas/glándulas,Completada,33,Toby,Perro,Golden Retriever,2016-12-20,H,20.9,Carlos,Vargas,+56911980765,carlos.vargas12@email.com,"Calle Navarro #2824, Vitacura",Felipe,Navarro,Dermatología y Exóticos,+56955556666
1034,201,3,2025-12-14,17:30,Chequeo general,Completada,17,Zeus,Perro,Pug,2015-10-23,H,23.0,Paula,Contreras,+56984252722,paula.contreras2@email.com,"Calle Rojas #8897, Macul",Felipe,Navarro,Dermatología y Exóticos,+56955556666
1136,201,3,2025-04-27,18:15,Corte de uñas/glándulas,No Asistió,17,Zeus,Perro,Pug,2015-10-23,H,23.0,Paula,Contreras,+56984252722,paula.contreras2@email.com,"Calle Rojas #8897, Macul",Felipe,Navarro,Dermatología y Exóticos,+56955556666
1196,104,3,2025-11-21,11:45,Corte de uñas/glándulas,Completada,17,Fiona,Gato,Maine Coon,2021-06-09,M,3.0,Paula,Contreras,+56984252722,paula.contreras2@email.com,"Calle Rojas #8897, Macul",Felipe,Navarro,Dermatología y Exóticos,+56955556666
1198,104,3,2025-08-09,09:00,Control post-cirugía,Completada,17,Fiona,Gato,Maine Coon,2021-06-09,M,3.0,Paula,Contreras,+56984252722,paula.contreras2@email.com,"Calle Rojas #8897, Macul",Felipe,Navarro,Dermatología y Exóticos,+56955556666
1039,105,3,2025-12-06,10:45,Corte de uñas/glándulas,Completada,37,Nala,Perro,Beagle,2017-10-31,M,10.3,Carlos,Araya,+56973993471,carlos.araya65@email.com,"Calle Tapia #2679, Providencia",Felipe,Navarro,Dermatología y Exóticos,+56955556666
1048,226,3,2026-05-07,14:30,Limpieza dental,Completada,28,Bora,Perro,Poodle,2016-09-26,M,11.7,Gabriel,Silva,+56986644106,gabriel.silva74@email.com,"Calle Castillo #4081, Maipú",Felipe,Navarro,Dermatología y Exóticos,+56955556666
1260,197,3,2026-07-14,15:00,Problema digestivo,Completada,28,Pelusa,Gato,Persa,2022-08-09,H,4.6,Gabriel,Silva,+56986644106,gabriel.silva74@email.com,"Calle Castillo #4081, Maipú",Felipe,Navarro,Dermatología y Exóticos,+56955556666
1299,197,3,2026-04-16,13:15,Problema digestivo,Completada,28,Pelusa,Gato,Persa,2022-08-09,H,4.6,Gabriel,Silva,+56986644106,gabriel.silva74@email.com,"Calle Castillo #4081, Maipú",Felipe,Navarro,Dermatología y Exóticos,+56955556666
1050,121,3,2026-03-29,13:45,Alergia en la piel,Completada,14,Salem,Gato,Maine Coon,2022-06-06,H,6.0,Diego,Vargas,+56982340307,diego.vargas34@email.com,"Calle Araya #7119, Peñalolén",Felipe,Navarro,Dermatología y Exóticos,+56955556666
1051,238,3,2026-07-30,13:15,Revisión por cojera,Completada,50,Charly,Exótico,Hamster Sirio,2024-05-30,M,0.3,Daniela,Vargas,+56929876811,daniela.vargas56@email.com,"Calle Silva #785, Macul",Felipe,Navarro,Dermatología y Exóticos,+56955556666
1055,174,3,2025-10-20,09:00,Consulta de emergencia,Completada,19,Tambor,Exótico,Ninfa,2022-05-31,M,2.0,Gabriel,Rojas,+56993926371,gabriel.rojas39@email.com,"Calle Tapia #3358, Las Condes",Felipe,Navarro,Dermatología y Exóticos,+56955556666
1060,129,3,2025-06-16,16:30,Chequeo general,Completada,91,Bora,Perro,Mestizo,2019-04-21,M,12.3,Felipe,Soto,+56980027662,felipe.soto84@email.com,"Calle Contreras #8917, Maipú",Felipe,Navarro,Dermatología y Exóticos,+56955556666
1065,103,3,2026-11-01,14:15,Vacunación Anual,Completada,91,Milo,Perro,Golden Retriever,2022-10-27,H,37.1,Felipe,Soto,+56980027662,felipe.soto84@email.com,"Calle Contreras #8917, Maipú",Felipe,Navarro,Dermatología y Exóticos,+56955556666
1218,103,3,2025-01-02,15:30,Revisión por cojera,Completada,91,Milo,Perro,Golden Retriever,2022-10-27,H,37.1,Felipe,Soto,+56980027662,felipe.soto84@email.com,"Calle Contreras #8917, Maipú",Felipe,Navarro,Dermatología y Exóticos,+56955556666
1061,187,3,2026-08-05,12:15,Corte de uñas/glándulas,Completada,46,Fiona,Gato,Maine Coon,2025-11-10,M,6.8,Luis,Morales,+56991178885,luis.morales27@email.com,"Calle Muñoz #3435, Macul",Felipe,Navarro,Dermatología y Exóticos,+56955556666
1066,220,3,2025-06-13,15:30,Revisión por cojera,Completada,81,Pelusa,Gato,Persa,2018-03-09,H,3.0,Maria,Mendoza,+56944917589,maria.mendoza49@email.com,"Calle Muñoz #3567, Maipú",Felipe,Navarro,Dermatología y Exóticos,+56955556666
1214,220,3,2025-11-15,14:00,Infección de oído,Completada,81,Pelusa,Gato,Persa,2018-03-09,H,3.0,Maria,Mendoza,+56944917589,maria.mendoza49@email.com,"Calle Muñoz #3567, Maipú",Felipe,Navarro,Dermatología y Exóticos,+56955556666
1225,220,3,2026-02-21,10:30,Alergia en la piel,Completada,81,Pelusa,Gato,Persa,2018-03-09,H,3.0,Maria,Mendoza,+56944917589,maria.mendoza49@email.com,"Calle Muñoz #3567, Maipú",Felipe,Navarro,Dermatología y Exóticos,+56955556666
1067,176,3,2026-09-22,12:15,Chequeo general,Programada,34,Lola,Perro,Pug,2020-05-04,M,7.9,Javiera,Fernández,+56963826716,javiera.fernandez8@email.com,"Calle Soto #6309, Providencia",Felipe,Navarro,Dermatología y Exóticos,+56955556666
1080,106,3,2026-04-20,17:45,Infección de oído,Completada,62,Thor,Perro,Kutter,2016-09-13,M,20.7,Diego,Pérez,+56999245317,diego.perez49@email.com,"Calle Soto #9424, Macul",Felipe,Navarro,Dermatología y Exóticos,+56955556666
1286,106,3,2025-11-07,13:30,Problema digestivo,Cancelada,62,Thor,Perro,Kutter,2016-09-13,M,20.7,Diego,Pérez,+56999245317,diego.perez49@email.com,"Calle Soto #9424, Macul",Felipe,Navarro,Dermatología y Exóticos,+56955556666
1143,203,3,2026-03-17,10:00,Revisión por cojera,Completada,41,Sora,Gato,Maine Coon,2018-03-31,H,6.0,Sofia,Contreras,+56963121477,sofia.contreras17@email.com,"Calle Morales #7591, La Reina",Felipe,Navarro,Dermatología y Exóticos,+56955556666
1231,203,3,2026-12-04,10:30,Revisión por cojera,Programada,41,Sora,Gato,Maine Coon,2018-03-31,H,6.0,Sofia,Contreras,+56963121477,sofia.contreras17@email.com,"Calle Morales #7591, La Reina",Felipe,Navarro,Dermatología y Exóticos,+56955556666
1262,109,3,2025-01-21,14:30,Revisión por cojera,Completada,76,Charly,Exótico,Holland Lop,2025-08-17,M,1.6,Fernanda,Araya,+56912621534,fernanda.araya98@email.com,"Calle Araya #6332, Maipú",Felipe,Navarro,Dermatología y Exóticos,+56955556666
1131,120,3,2025-09-15,12:45,Corte de uñas/glándulas,Completada,63,Nemo,Exótico,Ninfa,2022-07-07,H,1.1,Paula,Gómez,+56950785405,paula.gomez37@email.com,"Calle Fernández #7143, Peñalolén",Felipe,Navarro,Dermatología y Exóticos,+56955556666
1139,162,3,2026-11-06,11:45,Control post-cirugía,Programada,49,Salem,Gato,Siamés,2015-04-13,H,5.9,Paula,Gómez,+56925015458,paula.gomez10@email.com,"Calle Silva #9038, Providencia",Felipe,Navarro,Dermatología y Exóticos,+56955556666
1243,162,3,2026-07-01,09:15,Corte de uñas/glándulas,Completada,49,Salem,Gato,Siamés,2015-04-13,H,5.9,Paula,Gómez,+56925015458,paula.gomez10@email.com,"Calle Silva #9038, Providencia",Felipe,Navarro,Dermatología y Exóticos,+56955556666
1033,216,5,2025-10-14,18:00,Chequeo general,No Asistió,74,Salem,Gato,Mestizo,2025-09-27,M,4.9,Pedro,Silva,+56941039390,pedro.silva50@email.com,"Calle Silva #3605, Ñuñoa",Gonzalo,Pérez,Odontología Veterinaria,+56999990000
1089,148,5,2026-04-30,12:15,Limpieza dental,Cancelada,60,Bugs,Exótico,Hamster Sirio,2021-08-03,H,0.4,Roberto,Pérez,+56919391725,roberto.perez86@email.com,"Calle Muñoz #5243, Ñuñoa",Gonzalo,Pérez,Odontología Veterinaria,+56999990000
1291,235,5,2025-01-30,11:15,Alergia en la piel,Completada,67,Garfield,Gato,Siamés,2020-01-15,H,6.3,Andrés,Vásquez,+56919774839,andrés.vasquez59@email.com,"Calle Pérez #9531, Santiago Centro",Gonzalo,Pérez,Odontología Veterinaria,+56999990000
1241,182,5,2025-08-13,09:30,Vacunación Anual,Completada,90,Sasha,Perro,Poodle,2019-08-22,M,18.6,Laura,Pérez,+56975793759,laura.perez14@email.com,"Calle Pérez #6034, Maipú",Gonzalo,Pérez,Odontología Veterinaria,+56999990000
1083,126,5,2025-02-04,16:00,Alergia en la piel,Completada,90,Max,Perro,Dachshund,2018-06-26,M,31.2,Laura,Pérez,+56975793759,laura.perez14@email.com,"Calle Pérez #6034, Maipú",Gonzalo,Pérez,Odontología Veterinaria,+56999990000
1100,250,5,2026-03-04,13:15,Alergia en la piel,Completada,90,Bruno,Perro,Pastor Alemán,2015-06-01,H,6.1,Laura,Pérez,+56975793759,laura.perez14@email.com,"Calle Pérez #6034, Maipú",Gonzalo,Pérez,Odontología Veterinaria,+56999990000
1293,219,5,2026-02-11,10:00,Alergia en la piel,Completada,48,Nemo,Exótico,Hurón,2023-11-07,M,2.0,Roberto,Silva,+56995511909,roberto.silva34@email.com,"Calle Soto #7339, La Florida",Gonzalo,Pérez,Odontología Veterinaria,+56999990000
1018,252,5,2025-06-07,11:30,Corte de uñas/glándulas,Completada,51,Tambor,Exótico,Hurón,2018-03-17,M,0.8,Constanza,Mendoza,+56958024342,constanza.mendoza27@email.com,"Calle Navarro #1784, La Reina",Gonzalo,Pérez,Odontología Veterinaria,+56999990000
1012,223,5,2026-02-25,15:00,Chequeo general,No Asistió,77,Pelusa,Gato,Persa,2024-02-13,H,5.3,Roberto,Morales,+56962343121,roberto.morales54@email.com,"Calle Vargas #9047, Peñalolén",Gonzalo,Pérez,Odontología Veterinaria,+56999990000
1045,223,5,2026-01-21,14:15,Problema digestivo,Cancelada,77,Pelusa,Gato,Persa,2024-02-13,H,5.3,Roberto,Morales,+56962343121,roberto.morales54@email.com,"Calle Vargas #9047, Peñalolén",Gonzalo,Pérez,Odontología Veterinaria,+56999990000
1026,199,5,2026-03-05,12:15,Desparasitación,Cancelada,77,Jack,Perro,Labrador,2023-07-28,M,36.1,Roberto,Morales,+56962343121,roberto.morales54@email.com,"Calle Vargas #9047, Peñalolén",Gonzalo,Pérez,Odontología Veterinaria,+56999990000
1284,137,5,2026-09-16,15:00,Control post-cirugía,Completada,65,Charly,Exótico,Holland Lop,2016-02-13,H,2.2,Sebastian,Martínez,+56948089166,sebastian.martinez66@email.com,"Calle Vásquez #5591, Ñuñoa",Gonzalo,Pérez,Odontología Veterinaria,+56999990000
1059,240,5,2026-05-21,11:45,Limpieza dental,Completada,61,Tom,Gato,Sphynx,2021-11-25,H,6.0,Paula,Morales,+56999508850,paula.morales53@email.com,"Calle Muñoz #6692, Macul",Gonzalo,Pérez,Odontología Veterinaria,+56999990000
1087,243,5,2025-06-29,15:45,Vacunación Anual,No Asistió,16,Lola,Perro,Dachshund,2024-05-20,M,19.5,Pedro,Soto,+56966661351,pedro.soto77@email.com,"Calle Martínez #6404, Vitacura",Gonzalo,Pérez,Odontología Veterinaria,+56999990000
1076,117,5,2025-03-03,10:45,Vacunación Anual,Completada,11,Luna,Gato,Bengalí,2015-04-16,H,4.1,Pedro,Álvarez,+56960929647,pedro.alvarez35@email.com,"Calle Vargas #3698, La Reina",Gonzalo,Pérez,Odontología Veterinaria,+56999990000
1154,117,5,2025-04-15,17:15,Desparasitación,Completada,11,Luna,Gato,Bengalí,2015-04-16,H,4.1,Pedro,Álvarez,+56960929647,pedro.alvarez35@email.com,"Calle Vargas #3698, La Reina",Gonzalo,Pérez,Odontología Veterinaria,+56999990000
1024,195,5,2026-07-30,10:30,Alergia en la piel,Completada,73,Michi,Gato,Munchkin,2022-07-23,M,3.3,Javiera,Martínez,+56948349783,javiera.martinez31@email.com,"Calle Contreras #5602, La Reina",Gonzalo,Pérez,Odontología Veterinaria,+56999990000
1216,195,5,2026-05-21,12:15,Chequeo general,Completada,73,Michi,Gato,Munchkin,2022-07-23,M,3.3,Javiera,Martínez,+56948349783,javiera.martinez31@email.com,"Calle Contreras #5602, La Reina",Gonzalo,Pérez,Odontología Veterinaria,+56999990000
1245,192,5,2025-01-29,14:15,Corte de uñas/glándulas,Cancelada,44,Bruno,Perro,Pastor Alemán,2015-10-13,H,23.3,Maria,Álvarez,+56982909480,maria.alvarez91@email.com,"Calle Morales #8766, Providencia",Gonzalo,Pérez,Odontología Veterinaria,+56999990000
1127,191,5,2025-04-06,18:30,Control post-cirugía,Completada,85,Garfield,Gato,Siamés,2025-05-02,H,3.4,Francisca,Rojas,+56985694715,francisca.rojas28@email.com,"Calle Álvarez #4298, La Reina",Gonzalo,Pérez,Odontología Veterinaria,+56999990000
1205,189,5,2026-06-14,13:15,Desparasitación,Completada,85,Toby,Perro,Beagle,2016-04-15,H,32.7,Francisca,Rojas,+56985694715,francisca.rojas28@email.com,"Calle Álvarez #4298, La Reina",Gonzalo,Pérez,Odontología Veterinaria,+56999990000
1240,189,5,2026-05-30,14:45,Limpieza dental,Completada,85,Toby,Perro,Beagle,2016-04-15,H,32.7,Francisca,Rojas,+56985694715,francisca.rojas28@email.com,"Calle Álvarez #4298, La Reina",Gonzalo,Pérez,Odontología Veterinaria,+56999990000
1242,221,5,2026-01-02,18:15,Chequeo general,Completada,33,Nia,Gato,Mestizo,2015-11-30,H,6.9,Carlos,Vargas,+56911980765,carlos.vargas12@email.com,"Calle Navarro #2824, Vitacura",Gonzalo,Pérez,Odontología Veterinaria,+56999990000
1300,234,5,2026-02-11,18:00,Vacunación Anual,Completada,33,Bora,Perro,Beagle,2022-12-23,M,22.9,Carlos,Vargas,+56911980765,carlos.vargas12@email.com,"Calle Navarro #2824, Vitacura",Gonzalo,Pérez,Odontología Veterinaria,+56999990000
1032,246,5,2025-07-19,14:30,Revisión por cojera,Completada,86,Cleo,Gato,Persa,2019-05-19,M,2.8,Gonzalo,Vásquez,+56925372341,gonzalo.vasquez21@email.com,"Calle Morales #1871, Peñalolén",Gonzalo,Pérez,Odontología Veterinaria,+56999990000
1058,246,5,2025-04-20,14:30,Problema digestivo,No Asistió,86,Cleo,Gato,Persa,2019-05-19,M,2.8,Gonzalo,Vásquez,+56925372341,gonzalo.vasquez21@email.com,"Calle Morales #1871, Peñalolén",Gonzalo,Pérez,Odontología Veterinaria,+56999990000
1283,225,5,2026-09-16,16:00,Chequeo general,Programada,86,Kira,Perro,Golden Retriever,2025-08-31,M,16.3,Gonzalo,Vásquez,+56925372341,gonzalo.vasquez21@email.com,"Calle Morales #1871, Peñalolén",Gonzalo,Pérez,Odontología Veterinaria,+56999990000
1156,201,5,2025-04-27,14:30,Problema digestivo,Completada,17,Zeus,Perro,Pug,2015-10-23,H,23.0,Paula,Contreras,+56984252722,paula.contreras2@email.com,"Calle Rojas #8897, Macul",Gonzalo,Pérez,Odontología Veterinaria,+56999990000
1038,177,5,2025-12-11,17:45,Corte de uñas/glándulas,Completada,58,Cleo,Gato,Mestizo,2025-08-08,M,3.0,Gonzalo,Pérez,+56956397338,gonzalo.perez94@email.com,"Calle Muñoz #7249, Peñalolén",Gonzalo,Pérez,Odontología Veterinaria,+56999990000
1157,177,5,2026-08-28,10:15,Desparasitación,Programada,58,Cleo,Gato,Mestizo,2025-08-08,M,3.0,Gonzalo,Pérez,+56956397338,gonzalo.perez94@email.com,"Calle Muñoz #7249, Peñalolén",Gonzalo,Pérez,Odontología Veterinaria,+56999990000
1109,105,5,2026-12-16,15:15,Revisión por cojera,Cancelada,37,Nala,Perro,Beagle,2017-10-31,M,10.3,Carlos,Araya,+56973993471,carlos.araya65@email.com,"Calle Tapia #2679, Providencia",Gonzalo,Pérez,Odontología Veterinaria,+56999990000
1046,188,5,2025-12-29,13:45,Alergia en la piel,No Asistió,37,Salem,Gato,Siamés,2016-09-25,M,5.4,Carlos,Araya,+56973993471,carlos.araya65@email.com,"Calle Tapia #2679, Providencia",Gonzalo,Pérez,Odontología Veterinaria,+56999990000
1040,107,5,2026-05-01,13:15,Vacunación Anual,Completada,20,Garfield,Gato,Siamés,2021-04-04,M,7.5,Andrea,Soto,+56982394227,andrea.soto68@email.com,"Calle Gómez #9913, La Reina",Gonzalo,Pérez,Odontología Veterinaria,+56999990000
1041,144,5,2026-10-07,18:45,Chequeo general,Completada,39,Pipo,Exótico,Ninfa,2019-01-08,H,2.0,Javier,Araya,+56943046464,javier.araya75@email.com,"Calle Vásquez #751, Peñalolén",Gonzalo,Pérez,Odontología Veterinaria,+56999990000
1275,208,5,2026-12-05,16:15,Problema digestivo,Programada,100,Simba,Perro,Poodle,2017-03-19,H,7.5,Sofia,Rojas,+56935848226,sofia.rojas41@email.com,"Calle Rojas #8879, Las Condes",Gonzalo,Pérez,Odontología Veterinaria,+56999990000
1047,172,5,2025-11-02,12:30,Limpieza dental,Completada,43,Simba,Perro,Dachshund,2021-07-29,M,11.0,Gabriel,Contreras,+56927778019,gabriel.contreras45@email.com,"Calle Martínez #4102, La Reina",Gonzalo,Pérez,Odontología Veterinaria,+56999990000
1288,207,5,2026-10-24,10:15,Problema digestivo,Programada,43,Pelusa,Gato,Mestizo,2025-02-27,M,5.7,Gabriel,Contreras,+56927778019,gabriel.contreras45@email.com,"Calle Martínez #4102, La Reina",Gonzalo,Pérez,Odontología Veterinaria,+56999990000
1113,197,5,2026-05-03,09:00,Chequeo general,Completada,28,Pelusa,Gato,Persa,2022-08-09,H,4.6,Gabriel,Silva,+56986644106,gabriel.silva74@email.com,"Calle Castillo #4081, Maipú",Gonzalo,Pérez,Odontología Veterinaria,+56999990000
1054,102,5,2025-06-11,15:45,Problema digestivo,Completada,13,Garfield,Gato,Munchkin,2015-02-27,H,4.3,Sofia,Castillo,+56963100814,sofia.castillo83@email.com,"Calle Álvarez #2440, Macul",Gonzalo,Pérez,Odontología Veterinaria,+56999990000
1071,152,5,2026-07-04,11:15,Desparasitación,Cancelada,2,Nia,Gato,Sphynx,2025-03-18,M,6.2,Gonzalo,Pérez,+56914265799,gonzalo.perez4@email.com,"Calle Martínez #3682, Santiago Centro",Gonzalo,Pérez,Odontología Veterinaria,+56999990000
1088,198,5,2025-11-23,15:45,Chequeo general,Completada,87,Cleo,Gato,Bengalí,2019-06-07,M,4.0,Javier,Morales,+56987282128,javier.morales87@email.com,"Calle Díaz #6598, Santiago Centro",Gonzalo,Pérez,Odontología Veterinaria,+56999990000
1101,198,5,2025-09-09,16:30,Limpieza dental,Completada,87,Cleo,Gato,Bengalí,2019-06-07,M,4.0,Javier,Morales,+56987282128,javier.morales87@email.com,"Calle Díaz #6598, Santiago Centro",Gonzalo,Pérez,Odontología Veterinaria,+56999990000
1093,255,5,2025-02-10,10:15,Corte de uñas/glándulas,Completada,24,Bora,Perro,Beagle,2023-12-26,H,35.4,Matías,Morales,+56963551839,matías.morales86@email.com,"Calle Reyes #7277, La Florida",Gonzalo,Pérez,Odontología Veterinaria,+56999990000
1237,206,5,2026-05-06,09:00,Limpieza dental,Completada,76,Thor,Perro,Kutter,2017-06-26,H,33.6,Fernanda,Araya,+56912621534,fernanda.araya98@email.com,"Calle Araya #6332, Maipú",Gonzalo,Pérez,Odontología Veterinaria,+56999990000
1220,160,5,2026-02-27,14:45,Revisión por cojera,Completada,97,Copito,Exótico,Hurón,2016-01-05,H,2.4,Andrea,Gómez,+56922489409,andrea.gomez38@email.com,"Calle Navarro #6725, Santiago Centro",Gonzalo,Pérez,Odontología Veterinaria,+56999990000
1247,160,5,2025-08-13,09:45,Vacunación Anual,Completada,97,Copito,Exótico,Hurón,2016-01-05,H,2.4,Andrea,Gómez,+56922489409,andrea.gomez38@email.com,"Calle Navarro #6725, Santiago Centro",Gonzalo,Pérez,Odontología Veterinaria,+56999990000
1165,218,5,2026-05-23,17:00,Corte de uñas/glándulas,Completada,32,Mimi,Gato,Mestizo,2019-01-30,M,5.1,Felipe,Soto,+56947385696,felipe.soto60@email.com,"Calle Navarro #1335, Maipú",Gonzalo,Pérez,Odontología Veterinaria,+56999990000
1296,142,5,2025-08-08,12:15,Consulta de emergencia,Completada,9,Oliver,Perro,Poodle,2025-12-21,H,29.4,Nicolás,Rojas,+56961019678,nicolás.rojas36@email.com,"Calle Álvarez #6077, Las Condes",Gonzalo,Pérez,Odontología Veterinaria,+56999990000
1209,127,5,2026-11-22,10:15,Infección de oído,Programada,71,Lola,Perro,Bulldog Francés,2020-03-05,M,11.6,Daniela,Tapia,+56967276174,daniela.tapia71@email.com,"Calle Álvarez #2707, Maipú",Gonzalo,Pérez,Odontología Veterinaria,+56999990000
1297,205,5,2025-01-21,09:45,Chequeo general,Completada,89,Pipo,Exótico,Hurón,2019-11-20,M,2.1,Roberto,Vargas,+56967495923,roberto.vargas85@email.com,"Calle Reyes #1229, La Florida",Gonzalo,Pérez,Odontología Veterinaria,+56999990000
1246,227,5,2025-11-13,11:45,Vacunación Anual,Completada,10,Toby,Perro,Pug,2022-06-04,M,30.2,Camila,Fernández,+56999949389,camila.fernandez35@email.com,"Calle Martínez #2903, La Florida",Gonzalo,Pérez,Odontología Veterinaria,+56999990000
1249,138,5,2026-12-23,11:00,Infección de oído,Completada,68,Pipo,Exótico,Hamster Sirio,2015-11-03,M,1.1,Javiera,Díaz,+56942747037,javiera.diaz19@email.com,"Calle Gómez #1846, Vitacura",Gonzalo,Pérez,Odontología Veterinaria,+56999990000
1281,138,5,2026-08-26,18:00,Revisión por cojera,Programada,68,Pipo,Exótico,Hamster Sirio,2015-11-03,M,1.1,Javiera,Díaz,+56942747037,javiera.diaz19@email.com,"Calle Gómez #1846, Vitacura",Gonzalo,Pérez,Odontología Veterinaria,+56999990000
1280,171,5,2026-04-15,09:45,Revisión por cojera,Completada,59,Jack,Perro,Dachshund,2023-10-28,M,37.0,Felipe,Araya,+56935511941,felipe.araya33@email.com,"Calle Mendoza #7244, Providencia",Gonzalo,Pérez,Odontología Veterinaria,+56999990000
1137,147,6,2026-07-18,09:45,Alergia en la piel,Completada,75,Nala,Perro,Labrador,2025-01-29,M,19.6,Fernanda,Muñoz,+56982828034,fernanda.muñoz60@email.com,"Calle Pérez #1120, Santiago Centro",Camila,Bravo,Medicina General,+56922223333
1008,182,6,2025-12-22,10:30,Limpieza dental,Cancelada,90,Sasha,Perro,Poodle,2019-08-22,M,18.6,Laura,Pérez,+56975793759,laura.perez14@email.com,"Calle Pérez #6034, Maipú",Camila,Bravo,Medicina General,+56922223333
1145,219,6,2026-08-26,17:15,Desparasitación,Cancelada,48,Nemo,Exótico,Hurón,2023-11-07,M,2.0,Roberto,Silva,+56995511909,roberto.silva34@email.com,"Calle Soto #7339, La Florida",Camila,Bravo,Medicina General,+56922223333
1276,202,6,2025-02-05,17:15,Revisión por cojera,Cancelada,51,Michi,Gato,Maine Coon,2024-09-01,M,2.6,Constanza,Mendoza,+56958024342,constanza.mendoza27@email.com,"Calle Navarro #1784, La Reina",Camila,Bravo,Medicina General,+56922223333
1014,242,6,2026-08-25,11:15,Control post-cirugía,Programada,94,Luna,Gato,Siamés,2018-05-18,M,6.4,Carolina,Muñoz,+56934406132,carolina.muñoz63@email.com,"Calle Fernández #5913, Macul",Camila,Bravo,Medicina General,+56922223333
1086,137,6,2026-06-18,12:45,Limpieza dental,Completada,65,Charly,Exótico,Holland Lop,2016-02-13,H,2.2,Sebastian,Martínez,+56948089166,sebastian.martinez66@email.com,"Calle Vásquez #5591, Ñuñoa",Camila,Bravo,Medicina General,+56922223333
1197,240,6,2025-06-26,16:00,Vacunación Anual,Completada,61,Tom,Gato,Sphynx,2021-11-25,H,6.0,Paula,Morales,+56999508850,paula.morales53@email.com,"Calle Muñoz #6692, Macul",Camila,Bravo,Medicina General,+56922223333
1273,139,6,2026-11-15,10:00,Consulta de emergencia,Programada,61,Garfield,Gato,Persa,2022-04-15,H,5.6,Paula,Morales,+56999508850,paula.morales53@email.com,"Calle Muñoz #6692, Macul",Camila,Bravo,Medicina General,+56922223333
1124,140,6,2026-02-03,14:30,Revisión por cojera,Completada,11,Sombra,Gato,Bengalí,2025-09-13,H,6.8,Pedro,Álvarez,+56960929647,pedro.alvarez35@email.com,"Calle Vargas #3698, La Reina",Camila,Bravo,Medicina General,+56922223333
1234,211,6,2026-02-09,16:00,Control post-cirugía,Completada,73,Sora,Gato,Persa,2016-09-10,H,6.8,Javiera,Martínez,+56948349783,javiera.martinez31@email.com,"Calle Contreras #5602, La Reina",Camila,Bravo,Medicina General,+56922223333
1206,169,6,2025-05-01,09:30,Control post-cirugía,Completada,57,Copito,Exótico,Ninfa,2021-02-08,H,0.4,Laura,Rojas,+56945059710,laura.rojas23@email.com,"Calle Araya #4449, Providencia",Camila,Bravo,Medicina General,+56922223333
1114,212,6,2025-12-06,18:00,Infección de oído,Cancelada,57,Nala,Perro,Labrador,2018-12-12,M,31.1,Laura,Rojas,+56945059710,laura.rojas23@email.com,"Calle Araya #4449, Providencia",Camila,Bravo,Medicina General,+56922223333
1222,212,6,2025-05-14,12:30,Limpieza dental,Cancelada,57,Nala,Perro,Labrador,2018-12-12,M,31.1,Laura,Rojas,+56945059710,laura.rojas23@email.com,"Calle Araya #4449, Providencia",Camila,Bravo,Medicina General,+56922223333
1044,221,6,2025-03-05,11:15,Infección de oído,Completada,33,Nia,Gato,Mestizo,2015-11-30,H,6.9,Carlos,Vargas,+56911980765,carlos.vargas12@email.com,"Calle Navarro #2824, Vitacura",Camila,Bravo,Medicina General,+56922223333
1031,168,6,2026-01-10,15:30,Vacunación Anual,Completada,53,Charly,Exótico,Holland Lop,2019-12-22,M,1.8,Matías,Muñoz,+56965259205,matías.muñoz86@email.com,"Calle Navarro #4471, Las Condes",Camila,Bravo,Medicina General,+56922223333
1223,201,6,2025-12-01,14:45,Limpieza dental,Completada,17,Zeus,Perro,Pug,2015-10-23,H,23.0,Paula,Contreras,+56984252722,paula.contreras2@email.com,"Calle Rojas #8897, Macul",Camila,Bravo,Medicina General,+56922223333
1144,231,6,2026-06-16,17:15,Problema digestivo,Completada,96,Felix,Gato,Mestizo,2025-02-19,H,3.7,Diego,Pérez,+56975575808,diego.perez72@email.com,"Calle Navarro #7900, Maipú",Camila,Bravo,Medicina General,+56922223333
1295,167,6,2026-12-07,10:30,Vacunación Anual,Programada,96,Luna,Gato,Bengalí,2021-11-26,H,3.0,Diego,Pérez,+56975575808,diego.perez72@email.com,"Calle Navarro #7900, Maipú",Camila,Bravo,Medicina General,+56922223333
1056,237,6,2025-02-08,11:45,Chequeo general,Cancelada,58,Michi,Gato,Maine Coon,2017-08-23,H,2.8,Gonzalo,Pérez,+56956397338,gonzalo.perez94@email.com,"Calle Muñoz #7249, Peñalolén",Camila,Bravo,Medicina General,+56922223333
1097,237,6,2026-01-03,13:30,Desparasitación,Completada,58,Michi,Gato,Maine Coon,2017-08-23,H,2.8,Gonzalo,Pérez,+56956397338,gonzalo.perez94@email.com,"Calle Muñoz #7249, Peñalolén",Camila,Bravo,Medicina General,+56922223333
1163,207,6,2026-03-31,16:15,Revisión por cojera,Completada,43,Pelusa,Gato,Mestizo,2025-02-27,M,5.7,Gabriel,Contreras,+56927778019,gabriel.contreras45@email.com,"Calle Martínez #4102, La Reina",Camila,Bravo,Medicina General,+56922223333
1102,226,6,2026-10-20,16:45,Chequeo general,Completada,28,Bora,Perro,Poodle,2016-09-26,M,11.7,Gabriel,Silva,+56986644106,gabriel.silva74@email.com,"Calle Castillo #4081, Maipú",Camila,Bravo,Medicina General,+56922223333
1278,121,6,2026-03-22,12:15,Corte de uñas/glándulas,Completada,14,Salem,Gato,Maine Coon,2022-06-06,H,6.0,Diego,Vargas,+56982340307,diego.vargas34@email.com,"Calle Araya #7119, Peñalolén",Camila,Bravo,Medicina General,+56922223333
1069,238,6,2025-08-12,12:00,Infección de oído,Completada,50,Charly,Exótico,Hamster Sirio,2024-05-30,M,0.3,Daniela,Vargas,+56929876811,daniela.vargas56@email.com,"Calle Silva #785, Macul",Camila,Bravo,Medicina General,+56922223333
1160,238,6,2026-10-23,11:15,Problema digestivo,Programada,50,Charly,Exótico,Hamster Sirio,2024-05-30,M,0.3,Daniela,Vargas,+56929876811,daniela.vargas56@email.com,"Calle Silva #785, Macul",Camila,Bravo,Medicina General,+56922223333
1169,251,6,2025-12-26,18:45,Chequeo general,Completada,38,Jack,Perro,Golden Retriever,2020-10-12,H,14.7,Nicolás,Soto,+56919196777,nicolás.soto77@email.com,"Calle Martínez #3953, Vitacura",Camila,Bravo,Medicina General,+56922223333
1189,257,6,2025-06-18,16:30,Alergia en la piel,Completada,38,Thor,Perro,Beagle,2020-01-01,H,26.5,Nicolás,Soto,+56919196777,nicolás.soto77@email.com,"Calle Martínez #3953, Vitacura",Camila,Bravo,Medicina General,+56922223333
1150,143,6,2025-09-07,17:15,Infección de oído,Completada,13,Kiwi,Gato,Sphynx,2022-10-13,M,3.0,Sofia,Castillo,+56963100814,sofia.castillo83@email.com,"Calle Álvarez #2440, Macul",Camila,Bravo,Medicina General,+56922223333
1141,193,6,2026-07-04,18:00,Revisión por cojera,Completada,19,Michi,Gato,Siamés,2019-03-21,M,6.2,Gabriel,Rojas,+56993926371,gabriel.rojas39@email.com,"Calle Tapia #3358, Las Condes",Camila,Bravo,Medicina General,+56922223333
1068,217,6,2026-09-13,14:45,Infección de oído,Cancelada,8,Maya,Perro,Bulldog Francés,2015-06-10,M,21.2,Matías,Martínez,+56916150444,matías.martinez85@email.com,"Calle Navarro #4841, Ñuñoa",Camila,Bravo,Medicina General,+56922223333
1252,244,6,2026-09-21,14:15,Consulta de emergencia,Programada,64,Michi,Gato,Bengalí,2023-01-22,M,5.1,Javiera,Álvarez,+56969345683,javiera.alvarez87@email.com,"Calle Fernández #8475, Maipú",Camila,Bravo,Medicina General,+56922223333
1075,101,6,2025-08-12,18:00,Vacunación Anual,Completada,25,Bora,Perro,Labrador,2025-12-30,H,28.6,Ana,Navarro,+56940158366,ana.navarro9@email.com,"Calle Muñoz #444, Peñalolén",Camila,Bravo,Medicina General,+56922223333
1172,232,6,2025-04-08,11:45,Vacunación Anual,No Asistió,25,Nala,Perro,Mestizo,2020-08-21,H,30.2,Ana,Navarro,+56940158366,ana.navarro9@email.com,"Calle Muñoz #444, Peñalolén",Camila,Bravo,Medicina General,+56922223333
1138,175,6,2025-03-12,15:45,Chequeo general,Completada,4,Kira,Perro,Poodle,2016-12-14,M,24.0,Daniela,Contreras,+56910872248,daniela.contreras98@email.com,"Calle Soto #7024, La Reina",Camila,Bravo,Medicina General,+56922223333
1104,239,6,2025-03-02,17:00,Revisión por cojera,Cancelada,92,Fiona,Gato,Munchkin,2025-04-15,H,3.2,Fernanda,Araya,+56946023439,fernanda.araya42@email.com,"Calle Navarro #1519, Macul",Camila,Bravo,Medicina General,+56922223333
1116,120,6,2025-10-15,17:00,Chequeo general,Cancelada,63,Nemo,Exótico,Ninfa,2022-07-07,H,1.1,Paula,Gómez,+56950785405,paula.gomez37@email.com,"Calle Fernández #7143, Peñalolén",Camila,Bravo,Medicina General,+56922223333
1285,185,6,2025-09-01,09:45,Limpieza dental,Cancelada,12,Pelusa,Gato,Maine Coon,2024-02-08,H,3.0,Diego,Mendoza,+56952339391,diego.mendoza52@email.com,"Calle Contreras #1184, Santiago Centro",Camila,Bravo,Medicina General,+56922223333
1177,218,6,2026-11-12,14:00,Infección de oído,Programada,32,Mimi,Gato,Mestizo,2019-01-30,M,5.1,Felipe,Soto,+56947385696,felipe.soto60@email.com,"Calle Navarro #1335, Maipú",Camila,Bravo,Medicina General,+56922223333
1149,112,6,2025-04-28,09:30,Consulta de emergencia,Completada,5,Oliver,Perro,Mestizo,2025-05-12,M,6.4,Maria,Fernández,+56955176955,maria.fernandez14@email.com,"Calle Martínez #6324, Ñuñoa",Camila,Bravo,Medicina General,+56922223333
1173,133,6,2025-05-16,12:15,Desparasitación,Completada,69,Maya,Perro,Pug,2020-02-09,H,29.9,Pedro,Tapia,+56972350830,pedro.tapia7@email.com,"Calle Vargas #4182, Ñuñoa",Camila,Bravo,Medicina General,+56922223333
1261,248,6,2026-12-05,12:15,Problema digestivo,Programada,9,Toby,Perro,Dachshund,2016-06-30,H,29.0,Nicolás,Rojas,+56961019678,nicolás.rojas36@email.com,"Calle Álvarez #6077, Las Condes",Camila,Bravo,Medicina General,+56922223333
1258,164,6,2025-03-11,14:30,Revisión por cojera,Completada,9,Mimi,Gato,Bengalí,2016-04-22,H,4.0,Nicolás,Rojas,+56961019678,nicolás.rojas36@email.com,"Calle Álvarez #6077, Las Condes",Camila,Bravo,Medicina General,+56922223333
1182,134,6,2025-11-06,11:30,Revisión por cojera,Completada,42,Kiwi,Gato,Munchkin,2024-08-07,M,5.4,Carlos,Álvarez,+56993370583,carlos.alvarez73@email.com,"Calle Rojas #1300, La Florida",Camila,Bravo,Medicina General,+56922223333
1187,123,6,2025-04-15,10:30,Desparasitación,Cancelada,42,Luna,Perro,Pug,2022-05-17,M,32.0,Carlos,Álvarez,+56993370583,carlos.alvarez73@email.com,"Calle Rojas #1300, La Florida",Camila,Bravo,Medicina General,+56922223333
1257,123,6,2026-11-18,14:45,Vacunación Anual,Programada,42,Luna,Perro,Pug,2022-05-17,M,32.0,Carlos,Álvarez,+56993370583,carlos.alvarez73@email.com,"Calle Rojas #1300, La Florida",Camila,Bravo,Medicina General,+56922223333
1266,205,6,2026-07-22,17:30,Consulta de emergencia,Completada,89,Pipo,Exótico,Hurón,2019-11-20,M,2.1,Roberto,Vargas,+56967495923,roberto.vargas85@email.com,"Calle Reyes #1229, La Florida",Camila,Bravo,Medicina General,+56922223333
1289,205,6,2026-05-12,17:30,Vacunación Anual,Completada,89,Pipo,Exótico,Hurón,2019-11-20,M,2.1,Roberto,Vargas,+56967495923,roberto.vargas85@email.com,"Calle Reyes #1229, La Florida",Camila,Bravo,Medicina General,+56922223333
